Peptide,Sequence,Target Allele,MHC Class,Predicted pIC50
1,CVADYSVLY,HLA-A*01:01,I,7.874116247000001
1,CVADYSVLY,HLA-A*02:01,I,5.3770656045923655
1,CVADYSVLY,HLA-A*02:03,I,5.220575851750908
1,CVADYSVLY,HLA-A*02:06,I,5.087162087083698
1,CVADYSVLY,HLA-A*03:01,I,5.340607655234088
1,CVADYSVLY,HLA-A*11:01,I,5.475690080494777
1,CVADYSVLY,HLA-A*23:01,I,4.245378088
1,CVADYSVLY,HLA-A*24:02,I,4.11021548
1,CVADYSVLY,HLA-A*26:01,I,9.0
1,CVADYSVLY,HLA-A*30:01,I,5.025737213120219
1,CVADYSVLY,HLA-A*30:02,I,7.415541367
1,CVADYSVLY,HLA-A*31:01,I,4.893925228428852
1,CVADYSVLY,HLA-A*32:01,I,5.326367967120417
1,CVADYSVLY,HLA-A*33:01,I,4.621358255429664
1,CVADYSVLY,HLA-A*68:01,I,5.525344377018525
1,CVADYSVLY,HLA-A*68:02,I,5.2114482598819105
1,CVADYSVLY,HLA-B*07:02,I,4.892958847735635
1,CVADYSVLY,HLA-B*08:01,I,4.732034954724736
1,CVADYSVLY,HLA-B*15:01,I,5.977661255746697
1,CVADYSVLY,HLA-B*35:01,I,6.472212725139966
1,CVADYSVLY,HLA-B*40:01,I,4.796096701654636
1,CVADYSVLY,HLA-B*44:02,I,4.753590074599853
1,CVADYSVLY,HLA-B*44:03,I,4.579668060924763
1,CVADYSVLY,HLA-B*51:01,I,4.7130343035260225
1,CVADYSVLY,HLA-B*53:01,I,5.437747336221915
1,CVADYSVLY,HLA-B*57:01,I,5.102809342801464
1,CVADYSVLY,HLA-B*58:01,I,5.505511150238541
2,FIAGLIAIV,HLA-A*01:01,I,5.107901485256293
2,FIAGLIAIV,HLA-A*02:01,I,8.828933239
2,FIAGLIAIV,HLA-A*02:03,I,9.0
2,FIAGLIAIV,HLA-A*02:06,I,8.551434501000001
2,FIAGLIAIV,HLA-A*03:01,I,5.340607655234088
2,FIAGLIAIV,HLA-A*11:01,I,5.475690080494777
2,FIAGLIAIV,HLA-A*23:01,I,4.772512269141388
2,FIAGLIAIV,HLA-A*24:02,I,4.65453564344819
2,FIAGLIAIV,HLA-A*26:01,I,4.798906447193048
2,FIAGLIAIV,HLA-A*30:01,I,4.971232805305
2,FIAGLIAIV,HLA-A*30:02,I,4.867761561417234
2,FIAGLIAIV,HLA-A*31:01,I,4.898214481340181
2,FIAGLIAIV,HLA-A*32:01,I,5.281703808783021
2,FIAGLIAIV,HLA-A*33:01,I,4.6244589295941525
2,FIAGLIAIV,HLA-A*68:01,I,5.172120076489444
2,FIAGLIAIV,HLA-A*68:02,I,9.0
2,FIAGLIAIV,HLA-B*07:02,I,5.033937970736869
2,FIAGLIAIV,HLA-B*08:01,I,5.248217190777808
2,FIAGLIAIV,HLA-B*15:01,I,5.177081771498377
2,FIAGLIAIV,HLA-B*35:01,I,5.663285696650155
2,FIAGLIAIV,HLA-B*40:01,I,4.721454308444888
2,FIAGLIAIV,HLA-B*44:02,I,4.744799092421137
2,FIAGLIAIV,HLA-B*44:03,I,4.423290434505305
2,FIAGLIAIV,HLA-B*51:01,I,4.848665483085675
2,FIAGLIAIV,HLA-B*53:01,I,5.222976379220033
2,FIAGLIAIV,HLA-B*57:01,I,4.828295061152277
2,FIAGLIAIV,HLA-B*58:01,I,5.007671170071234
3,GWTAGAAAY,HLA-A*01:01,I,6.267655786648785
3,GWTAGAAAY,HLA-A*02:01,I,5.371140173361763
3,GWTAGAAAY,HLA-A*02:03,I,5.220575851750908
3,GWTAGAAAY,HLA-A*02:06,I,5.112277887899758
3,GWTAGAAAY,HLA-A*03:01,I,5.340607655234088
3,GWTAGAAAY,HLA-A*11:01,I,5.475690080494777
3,GWTAGAAAY,HLA-A*23:01,I,6.228631421584367
3,GWTAGAAAY,HLA-A*24:02,I,6.206467027763439
3,GWTAGAAAY,HLA-A*26:01,I,5.010793206551421
3,GWTAGAAAY,HLA-A*30:01,I,6.381626374506015
3,GWTAGAAAY,HLA-A*30:02,I,6.728713221943878
3,GWTAGAAAY,HLA-A*31:01,I,4.906084084926477
3,GWTAGAAAY,HLA-A*32:01,I,5.322245280997753
3,GWTAGAAAY,HLA-A*33:01,I,4.646965434963651
3,GWTAGAAAY,HLA-A*68:01,I,5.525344377018525
3,GWTAGAAAY,HLA-A*68:02,I,4.840920291852747
3,GWTAGAAAY,HLA-B*07:02,I,5.373615024874011
3,GWTAGAAAY,HLA-B*08:01,I,4.741868481035085
3,GWTAGAAAY,HLA-B*15:01,I,6.29775463417759
3,GWTAGAAAY,HLA-B*35:01,I,6.519584826332384
3,GWTAGAAAY,HLA-B*40:01,I,4.790000110657433
3,GWTAGAAAY,HLA-B*44:02,I,4.733589878139621
3,GWTAGAAAY,HLA-B*44:03,I,4.442808760383686
3,GWTAGAAAY,HLA-B*51:01,I,4.699236401397989
3,GWTAGAAAY,HLA-B*53:01,I,5.433519134837509
3,GWTAGAAAY,HLA-B*57:01,I,5.102809342801464
3,GWTAGAAAY,HLA-B*58:01,I,5.505511150238541
4,MTSCCSCLK,HLA-A*01:01,I,4.691983176635914
4,MTSCCSCLK,HLA-A*02:01,I,5.304210941107843
4,MTSCCSCLK,HLA-A*02:03,I,5.371407940645329
4,MTSCCSCLK,HLA-A*02:06,I,5.932296830550326
4,MTSCCSCLK,HLA-A*03:01,I,6.229695031
4,MTSCCSCLK,HLA-A*11:01,I,6.6787907660000005
4,MTSCCSCLK,HLA-A*23:01,I,4.772512269141388
4,MTSCCSCLK,HLA-A*24:02,I,4.679628339743458
4,MTSCCSCLK,HLA-A*26:01,I,5.51040443162206
4,MTSCCSCLK,HLA-A*30:01,I,6.417424021317384
4,MTSCCSCLK,HLA-A*30:02,I,5.039456138422429
4,MTSCCSCLK,HLA-A*31:01,I,6.809066409
4,MTSCCSCLK,HLA-A*32:01,I,5.499053349406662
4,MTSCCSCLK,HLA-A*33:01,I,6.961473895
4,MTSCCSCLK,HLA-A*68:01,I,6.8038314589999995
4,MTSCCSCLK,HLA-A*68:02,I,6.081320832990166
4,MTSCCSCLK,HLA-B*07:02,I,4.923293451855797
4,MTSCCSCLK,HLA-B*08:01,I,5.183622456961489
4,MTSCCSCLK,HLA-B*15:01,I,5.177081771498377
4,MTSCCSCLK,HLA-B*35:01,I,5.139645834554932
4,MTSCCSCLK,HLA-B*40:01,I,4.795155213146862
4,MTSCCSCLK,HLA-B*44:02,I,4.727291024686666
4,MTSCCSCLK,HLA-B*44:03,I,4.338019888534303
4,MTSCCSCLK,HLA-B*51:01,I,4.685535048972143
4,MTSCCSCLK,HLA-B*53:01,I,4.837171627209157
4,MTSCCSCLK,HLA-B*57:01,I,5.027213179939184
4,MTSCCSCLK,HLA-B*58:01,I,5.013505396724874
5,QELGKYEQY,HLA-A*01:01,I,5.432094482492248
5,QELGKYEQY,HLA-A*02:01,I,5.292583412663456
5,QELGKYEQY,HLA-A*02:03,I,5.424897635676101
5,QELGKYEQY,HLA-A*02:06,I,5.003858302521181
5,QELGKYEQY,HLA-A*03:01,I,5.340607655234088
5,QELGKYEQY,HLA-A*11:01,I,5.475690080494777
5,QELGKYEQY,HLA-A*23:01,I,4.772512269141388
5,QELGKYEQY,HLA-A*24:02,I,4.65453564344819
5,QELGKYEQY,HLA-A*26:01,I,5.135054612424568
5,QELGKYEQY,HLA-A*30:01,I,5.4913843581353925
5,QELGKYEQY,HLA-A*30:02,I,6.240172638057942
5,QELGKYEQY,HLA-A*31:01,I,4.91261138003383
5,QELGKYEQY,HLA-A*32:01,I,6.030787765153898
5,QELGKYEQY,HLA-A*33:01,I,4.736907490590894
5,QELGKYEQY,HLA-A*68:01,I,5.569930132516615
5,QELGKYEQY,HLA-A*68:02,I,5.4865786590077
5,QELGKYEQY,HLA-B*07:02,I,5.033937970736869
5,QELGKYEQY,HLA-B*08:01,I,4.8615371565016146
5,QELGKYEQY,HLA-B*15:01,I,6.380550224948236
5,QELGKYEQY,HLA-B*35:01,I,6.3355756579462525
5,QELGKYEQY,HLA-B*40:01,I,6.807592512177349
5,QELGKYEQY,HLA-B*44:02,I,6.4371234432726725
5,QELGKYEQY,HLA-B*44:03,I,6.440219549473191
5,QELGKYEQY,HLA-B*51:01,I,4.848665483085675
5,QELGKYEQY,HLA-B*53:01,I,5.222976379220033
5,QELGKYEQY,HLA-B*57:01,I,5.102809342801464
5,QELGKYEQY,HLA-B*58:01,I,5.505511150238541
6,QLTPTWRVY,HLA-A*01:01,I,5.432094482492248
6,QLTPTWRVY,HLA-A*02:01,I,6.877060102970964
6,QLTPTWRVY,HLA-A*02:03,I,7.062163155911237
6,QLTPTWRVY,HLA-A*02:06,I,4.815065963470969
6,QLTPTWRVY,HLA-A*03:01,I,5.340607655234088
6,QLTPTWRVY,HLA-A*11:01,I,5.475690080494777
6,QLTPTWRVY,HLA-A*23:01,I,4.772512269141388
6,QLTPTWRVY,HLA-A*24:02,I,4.65453564344819
6,QLTPTWRVY,HLA-A*26:01,I,5.135054612424568
6,QLTPTWRVY,HLA-A*30:01,I,5.4913843581353925
6,QLTPTWRVY,HLA-A*30:02,I,6.634533904864672
6,QLTPTWRVY,HLA-A*31:01,I,4.9083221271225
6,QLTPTWRVY,HLA-A*32:01,I,6.061751502641275
6,QLTPTWRVY,HLA-A*33:01,I,4.723260078164662
6,QLTPTWRVY,HLA-A*68:01,I,5.569930132516615
6,QLTPTWRVY,HLA-A*68:02,I,5.4865786590077
6,QLTPTWRVY,HLA-B*07:02,I,5.033937970736869
6,QLTPTWRVY,HLA-B*08:01,I,4.8707953242303965
6,QLTPTWRVY,HLA-B*15:01,I,6.386666628980356
6,QLTPTWRVY,HLA-B*35:01,I,6.3355756579462525
6,QLTPTWRVY,HLA-B*40:01,I,4.716172304579211
6,QLTPTWRVY,HLA-B*44:02,I,4.745021768784463
6,QLTPTWRVY,HLA-B*44:03,I,4.565334099814506
6,QLTPTWRVY,HLA-B*51:01,I,4.848665483085675
6,QLTPTWRVY,HLA-B*53:01,I,5.222976379220033
6,QLTPTWRVY,HLA-B*57:01,I,5.102809342801464
6,QLTPTWRVY,HLA-B*58:01,I,5.505511150238541
7,QPRTFLLKY,HLA-A*01:01,I,5.432094482492248
7,QPRTFLLKY,HLA-A*02:01,I,4.982450507035724
7,QPRTFLLKY,HLA-A*02:03,I,4.782121678816445
7,QPRTFLLKY,HLA-A*02:06,I,4.815065963470969
7,QPRTFLLKY,HLA-A*03:01,I,5.340607655234088
7,QPRTFLLKY,HLA-A*11:01,I,5.475690080494777
7,QPRTFLLKY,HLA-A*23:01,I,4.772512269141388
7,QPRTFLLKY,HLA-A*24:02,I,4.65453564344819
7,QPRTFLLKY,HLA-A*26:01,I,5.135054612424568
7,QPRTFLLKY,HLA-A*30:01,I,5.486372116387677
7,QPRTFLLKY,HLA-A*30:02,I,6.630077194050207
7,QPRTFLLKY,HLA-A*31:01,I,4.9083221271225
7,QPRTFLLKY,HLA-A*32:01,I,5.47927579856582
7,QPRTFLLKY,HLA-A*33:01,I,4.6388845378649135
7,QPRTFLLKY,HLA-A*68:01,I,5.474956923419871
7,QPRTFLLKY,HLA-A*68:02,I,5.435398869038059
7,QPRTFLLKY,HLA-B*07:02,I,6.848082510776452
7,QPRTFLLKY,HLA-B*08:01,I,4.870630400790041
7,QPRTFLLKY,HLA-B*15:01,I,6.380550224948236
7,QPRTFLLKY,HLA-B*35:01,I,6.489827654877579
7,QPRTFLLKY,HLA-B*40:01,I,4.715255104216235
7,QPRTFLLKY,HLA-B*44:02,I,4.735683813256452
7,QPRTFLLKY,HLA-B*44:03,I,4.43847854510766
7,QPRTFLLKY,HLA-B*51:01,I,5.560690626314487
7,QPRTFLLKY,HLA-B*53:01,I,6.30328954401935
7,QPRTFLLKY,HLA-B*57:01,I,5.102809342801464
7,QPRTFLLKY,HLA-B*58:01,I,5.505511150238541
8,VVFLHVTYV,HLA-A*01:01,I,4.691983176635914
8,VVFLHVTYV,HLA-A*02:01,I,8.413666258
8,VVFLHVTYV,HLA-A*02:03,I,9.0
8,VVFLHVTYV,HLA-A*02:06,I,8.41383144
8,VVFLHVTYV,HLA-A*03:01,I,5.340607655234088
8,VVFLHVTYV,HLA-A*11:01,I,5.475690080494777
8,VVFLHVTYV,HLA-A*23:01,I,4.772512269141388
8,VVFLHVTYV,HLA-A*24:02,I,4.65453564344819
8,VVFLHVTYV,HLA-A*26:01,I,5.51040443162206
8,VVFLHVTYV,HLA-A*30:01,I,6.39326517148457
8,VVFLHVTYV,HLA-A*30:02,I,5.0644569584515695
8,VVFLHVTYV,HLA-A*31:01,I,5.336769043571857
8,VVFLHVTYV,HLA-A*32:01,I,6.073068679016289
8,VVFLHVTYV,HLA-A*33:01,I,4.625226153200368
8,VVFLHVTYV,HLA-A*68:01,I,5.127534320991352
8,VVFLHVTYV,HLA-A*68:02,I,8.991407067
8,VVFLHVTYV,HLA-B*07:02,I,4.892958847735635
8,VVFLHVTYV,HLA-B*08:01,I,5.0973403324829265
8,VVFLHVTYV,HLA-B*15:01,I,5.177081771498377
8,VVFLHVTYV,HLA-B*35:01,I,5.139645834554932
8,VVFLHVTYV,HLA-B*40:01,I,4.795643383809595
8,VVFLHVTYV,HLA-B*44:02,I,4.7494954859715355
8,VVFLHVTYV,HLA-B*44:03,I,4.394911560738384
8,VVFLHVTYV,HLA-B*51:01,I,4.724473105241918
8,VVFLHVTYV,HLA-B*53:01,I,4.902592817261851
8,VVFLHVTYV,HLA-B*57:01,I,5.027213179939184
8,VVFLHVTYV,HLA-B*58:01,I,5.013505396724874
9,VYYPDKVFR,HLA-A*01:01,I,4.691983176635914
9,VYYPDKVFR,HLA-A*02:01,I,5.304210941107843
9,VYYPDKVFR,HLA-A*02:03,I,5.376310736647087
9,VYYPDKVFR,HLA-A*02:06,I,5.8721071748647615
9,VYYPDKVFR,HLA-A*03:01,I,5.340607655234088
9,VYYPDKVFR,HLA-A*11:01,I,5.475690080494777
9,VYYPDKVFR,HLA-A*23:01,I,6.6815953300693876
9,VYYPDKVFR,HLA-A*24:02,I,6.294268620288833
9,VYYPDKVFR,HLA-A*26:01,I,4.799502958577646
9,VYYPDKVFR,HLA-A*30:01,I,6.403323501839654
9,VYYPDKVFR,HLA-A*30:02,I,5.106818532835142
9,VYYPDKVFR,HLA-A*31:01,I,7.203742304428418
9,VYYPDKVFR,HLA-A*32:01,I,6.097427398945191
9,VYYPDKVFR,HLA-A*33:01,I,6.6103808124708685
9,VYYPDKVFR,HLA-A*68:01,I,6.758825654202227
9,VYYPDKVFR,HLA-A*68:02,I,5.712343461267111
9,VYYPDKVFR,HLA-B*07:02,I,4.945667799169784
9,VYYPDKVFR,HLA-B*08:01,I,5.096817065687889
9,VYYPDKVFR,HLA-B*15:01,I,5.177081771498377
9,VYYPDKVFR,HLA-B*35:01,I,5.139645834554932
9,VYYPDKVFR,HLA-B*40:01,I,4.7901569184368
9,VYYPDKVFR,HLA-B*44:02,I,4.694203185578802
9,VYYPDKVFR,HLA-B*44:03,I,4.3792079577039225
9,VYYPDKVFR,HLA-B*51:01,I,4.675737848086396
9,VYYPDKVFR,HLA-B*53:01,I,4.832943425824751
9,VYYPDKVFR,HLA-B*57:01,I,5.027213179939184
9,VYYPDKVFR,HLA-B*58:01,I,5.013505396724874
10,YYHKNNKSW,HLA-A*01:01,I,4.691983176635914
10,YYHKNNKSW,HLA-A*02:01,I,5.379203469791197
10,YYHKNNKSW,HLA-A*02:03,I,5.220575851750908
10,YYHKNNKSW,HLA-A*02:06,I,4.85737670078564
10,YYHKNNKSW,HLA-A*03:01,I,5.340607655234088
10,YYHKNNKSW,HLA-A*11:01,I,5.475690080494777
10,YYHKNNKSW,HLA-A*23:01,I,6.393986507529471
10,YYHKNNKSW,HLA-A*24:02,I,6.294268620288833
10,YYHKNNKSW,HLA-A*26:01,I,4.799502958577646
10,YYHKNNKSW,HLA-A*30:01,I,6.39326517148457
10,YYHKNNKSW,HLA-A*30:02,I,5.06215015637936
10,YYHKNNKSW,HLA-A*31:01,I,4.890422881053997
10,YYHKNNKSW,HLA-A*32:01,I,5.512310048630822
10,YYHKNNKSW,HLA-A*33:01,I,4.606998992438489
10,YYHKNNKSW,HLA-A*68:01,I,5.127534320991352
10,YYHKNNKSW,HLA-A*68:02,I,4.836810227450229
10,YYHKNNKSW,HLA-B*07:02,I,4.892958847735635
10,YYHKNNKSW,HLA-B*08:01,I,4.732034954724736
10,YYHKNNKSW,HLA-B*15:01,I,5.177081771498377
10,YYHKNNKSW,HLA-B*35:01,I,5.139645834554932
10,YYHKNNKSW,HLA-B*40:01,I,4.797757426002315
10,YYHKNNKSW,HLA-B*44:02,I,4.737661014186372
10,YYHKNNKSW,HLA-B*44:03,I,4.438749968508293
10,YYHKNNKSW,HLA-B*51:01,I,4.709348081585362
10,YYHKNNKSW,HLA-B*53:01,I,5.442350941535369
10,YYHKNNKSW,HLA-B*57:01,I,7.11829638266214
10,YYHKNNKSW,HLA-B*58:01,I,7.397418818307568
11,ASVYAWNRKRISNCV,HLA-DRB1*0101,II,6.8261395823854665
11,ASVYAWNRKRISNCV,HLA-DRB1*0301,II,5.518752998132808
11,ASVYAWNRKRISNCV,HLA-DRB1*0401,II,6.350065733879132
11,ASVYAWNRKRISNCV,HLA-DRB1*0405,II,6.1938109495072515
11,ASVYAWNRKRISNCV,HLA-DRB1*0701,II,6.223508200048807
11,ASVYAWNRKRISNCV,HLA-DRB1*0802,II,5.686530208157007
11,ASVYAWNRKRISNCV,HLA-DRB1*0901,II,6.308043851869666
11,ASVYAWNRKRISNCV,HLA-DRB1*1101,II,6.308306812166581
11,ASVYAWNRKRISNCV,HLA-DRB1*1302,II,5.831906705205025
11,ASVYAWNRKRISNCV,HLA-DRB1*1501,II,5.932121402064173
11,ASVYAWNRKRISNCV,HLA-DRB3*0101,II,5.908599499506112
11,ASVYAWNRKRISNCV,HLA-DRB4*0101,II,5.9540525999597005
11,ASVYAWNRKRISNCV,HLA-DRB5*0101,II,6.149342225354352
11,ASVYAWNRKRISNCV,HLA-DQA1*0501/DQB1*0201,II,6.106138146744743
11,ASVYAWNRKRISNCV,HLA-DQA1*0501/DQB1*0301,II,6.063526884970314
11,ASVYAWNRKRISNCV,HLA-DQA1*0301/DQB1*0302,II,5.392694188990061
11,ASVYAWNRKRISNCV,HLA-DQA1*0401/DQB1*0402,II,5.398190498392044
11,ASVYAWNRKRISNCV,HLA-DQA1*0101/DQB1*0501,II,5.950833045384658
11,ASVYAWNRKRISNCV,HLA-DQA1*0102/DQB1*0602,II,6.2882872717735845
11,ASVYAWNRKRISNCV,HLA-DPA1*0201/DPB1*0101,II,8.216059045924247
11,ASVYAWNRKRISNCV,HLA-DPA1*0103/DPB1*0201,II,8.444639703309063
11,ASVYAWNRKRISNCV,HLA-DPA1*0103/DPB1*0401,II,6.332285623000653
11,ASVYAWNRKRISNCV,HLA-DPA1*0301/DPB1*0402,II,8.272141751060792
11,ASVYAWNRKRISNCV,HLA-DPA1*0201/DPB1*0501,II,7.539745527216606
12,AVLYQDVNCTEVPVA,HLA-DRB1*0101,II,6.847201415668605
12,AVLYQDVNCTEVPVA,HLA-DRB1*0301,II,5.507634324918337
12,AVLYQDVNCTEVPVA,HLA-DRB1*0401,II,6.388321195619629
12,AVLYQDVNCTEVPVA,HLA-DRB1*0405,II,6.199558757989401
12,AVLYQDVNCTEVPVA,HLA-DRB1*0701,II,6.355486824653624
12,AVLYQDVNCTEVPVA,HLA-DRB1*0802,II,5.789814511161837
12,AVLYQDVNCTEVPVA,HLA-DRB1*0901,II,6.412874590045002
12,AVLYQDVNCTEVPVA,HLA-DRB1*1101,II,6.094762256872093
12,AVLYQDVNCTEVPVA,HLA-DRB1*1302,II,5.91605702435396
12,AVLYQDVNCTEVPVA,HLA-DRB1*1501,II,6.148505724694868
12,AVLYQDVNCTEVPVA,HLA-DRB3*0101,II,5.546214172435166
12,AVLYQDVNCTEVPVA,HLA-DRB4*0101,II,5.776901594611985
12,AVLYQDVNCTEVPVA,HLA-DRB5*0101,II,6.367806112915195
12,AVLYQDVNCTEVPVA,HLA-DQA1*0501/DQB1*0201,II,6.352977610866348
12,AVLYQDVNCTEVPVA,HLA-DQA1*0501/DQB1*0301,II,6.170003051982093
12,AVLYQDVNCTEVPVA,HLA-DQA1*0301/DQB1*0302,II,5.669318396021615
12,AVLYQDVNCTEVPVA,HLA-DQA1*0401/DQB1*0402,II,5.405713022378051
12,AVLYQDVNCTEVPVA,HLA-DQA1*0101/DQB1*0501,II,6.260249439808416
12,AVLYQDVNCTEVPVA,HLA-DQA1*0102/DQB1*0602,II,5.805346460362508
12,AVLYQDVNCTEVPVA,HLA-DPA1*0201/DPB1*0101,II,8.093588575795502
12,AVLYQDVNCTEVPVA,HLA-DPA1*0103/DPB1*0201,II,8.041646116961083
12,AVLYQDVNCTEVPVA,HLA-DPA1*0103/DPB1*0401,II,6.256724521873449
12,AVLYQDVNCTEVPVA,HLA-DPA1*0301/DPB1*0402,II,8.049996914704671
12,AVLYQDVNCTEVPVA,HLA-DPA1*0201/DPB1*0501,II,7.3320356156773085
13,CTMYICGDSTECSNL,HLA-DRB1*0101,II,6.833097988546101
13,CTMYICGDSTECSNL,HLA-DRB1*0301,II,5.58598515493104
13,CTMYICGDSTECSNL,HLA-DRB1*0401,II,6.349064065226442
13,CTMYICGDSTECSNL,HLA-DRB1*0405,II,6.150978321140977
13,CTMYICGDSTECSNL,HLA-DRB1*0701,II,6.521510888866597
13,CTMYICGDSTECSNL,HLA-DRB1*0802,II,5.895185193733463
13,CTMYICGDSTECSNL,HLA-DRB1*0901,II,6.31803560244199
13,CTMYICGDSTECSNL,HLA-DRB1*1101,II,6.134318551099831
13,CTMYICGDSTECSNL,HLA-DRB1*1302,II,5.909616165676661
13,CTMYICGDSTECSNL,HLA-DRB1*1501,II,6.1723452364916875
13,CTMYICGDSTECSNL,HLA-DRB3*0101,II,5.5891612154885255
13,CTMYICGDSTECSNL,HLA-DRB4*0101,II,5.927898498274524
13,CTMYICGDSTECSNL,HLA-DRB5*0101,II,6.391393444510458
13,CTMYICGDSTECSNL,HLA-DQA1*0501/DQB1*0201,II,6.250946393622058
13,CTMYICGDSTECSNL,HLA-DQA1*0501/DQB1*0301,II,6.679487129782199
13,CTMYICGDSTECSNL,HLA-DQA1*0301/DQB1*0302,II,5.535242879887456
13,CTMYICGDSTECSNL,HLA-DQA1*0401/DQB1*0402,II,5.393512486297279
13,CTMYICGDSTECSNL,HLA-DQA1*0101/DQB1*0501,II,6.274615996705341
13,CTMYICGDSTECSNL,HLA-DQA1*0102/DQB1*0602,II,5.798517536178485
13,CTMYICGDSTECSNL,HLA-DPA1*0201/DPB1*0101,II,8.156714364200761
13,CTMYICGDSTECSNL,HLA-DPA1*0103/DPB1*0201,II,8.07900525183496
13,CTMYICGDSTECSNL,HLA-DPA1*0103/DPB1*0401,II,6.2933473879921875
13,CTMYICGDSTECSNL,HLA-DPA1*0301/DPB1*0402,II,8.05846249088295
13,CTMYICGDSTECSNL,HLA-DPA1*0201/DPB1*0501,II,7.311368575738544
14,EMIAQYTSALLAGTI,HLA-DRB1*0101,II,6.418630704327163
14,EMIAQYTSALLAGTI,HLA-DRB1*0301,II,5.078043364350243
14,EMIAQYTSALLAGTI,HLA-DRB1*0401,II,6.13910615449289
14,EMIAQYTSALLAGTI,HLA-DRB1*0405,II,6.06618721618942
14,EMIAQYTSALLAGTI,HLA-DRB1*0701,II,6.305773402874161
14,EMIAQYTSALLAGTI,HLA-DRB1*0802,II,5.6240013421018515
14,EMIAQYTSALLAGTI,HLA-DRB1*0901,II,6.576370234599664
14,EMIAQYTSALLAGTI,HLA-DRB1*1101,II,6.203574061184095
14,EMIAQYTSALLAGTI,HLA-DRB1*1302,II,5.613615761408934
14,EMIAQYTSALLAGTI,HLA-DRB1*1501,II,6.085461107882581
14,EMIAQYTSALLAGTI,HLA-DRB3*0101,II,6.034487970450705
14,EMIAQYTSALLAGTI,HLA-DRB4*0101,II,5.539453800301264
14,EMIAQYTSALLAGTI,HLA-DRB5*0101,II,6.127617940657441
14,EMIAQYTSALLAGTI,HLA-DQA1*0501/DQB1*0201,II,5.409297772989604
14,EMIAQYTSALLAGTI,HLA-DQA1*0501/DQB1*0301,II,6.605523377842942
14,EMIAQYTSALLAGTI,HLA-DQA1*0301/DQB1*0302,II,5.345176069824031
14,EMIAQYTSALLAGTI,HLA-DQA1*0401/DQB1*0402,II,5.288569298762805
14,EMIAQYTSALLAGTI,HLA-DQA1*0101/DQB1*0501,II,5.448890332465251
14,EMIAQYTSALLAGTI,HLA-DQA1*0102/DQB1*0602,II,5.855763833910366
14,EMIAQYTSALLAGTI,HLA-DPA1*0201/DPB1*0101,II,6.108286703476784
14,EMIAQYTSALLAGTI,HLA-DPA1*0103/DPB1*0201,II,6.1565688802222995
14,EMIAQYTSALLAGTI,HLA-DPA1*0103/DPB1*0401,II,6.34082453167548
14,EMIAQYTSALLAGTI,HLA-DPA1*0301/DPB1*0402,II,5.6215863693134205
14,EMIAQYTSALLAGTI,HLA-DPA1*0201/DPB1*0501,II,5.559687141649589
15,FKIYSKHTPINLVRD,HLA-DRB1*0101,II,6.851887010394855
15,FKIYSKHTPINLVRD,HLA-DRB1*0301,II,5.662001042366589
15,FKIYSKHTPINLVRD,HLA-DRB1*0401,II,6.279332327682949
15,FKIYSKHTPINLVRD,HLA-DRB1*0405,II,6.192986243578219
15,FKIYSKHTPINLVRD,HLA-DRB1*0701,II,6.523417754362803
15,FKIYSKHTPINLVRD,HLA-DRB1*0802,II,5.844990274195587
15,FKIYSKHTPINLVRD,HLA-DRB1*0901,II,6.221879760342524
15,FKIYSKHTPINLVRD,HLA-DRB1*1101,II,6.40939358877313
15,FKIYSKHTPINLVRD,HLA-DRB1*1302,II,5.93349481803757
15,FKIYSKHTPINLVRD,HLA-DRB1*1501,II,6.187950170334398
15,FKIYSKHTPINLVRD,HLA-DRB3*0101,II,5.599962778621985
15,FKIYSKHTPINLVRD,HLA-DRB4*0101,II,6.015642218484979
15,FKIYSKHTPINLVRD,HLA-DRB5*0101,II,6.392579431641304
15,FKIYSKHTPINLVRD,HLA-DQA1*0501/DQB1*0201,II,5.95626466912959
15,FKIYSKHTPINLVRD,HLA-DQA1*0501/DQB1*0301,II,6.102015192754413
15,FKIYSKHTPINLVRD,HLA-DQA1*0301/DQB1*0302,II,5.512508125282612
15,FKIYSKHTPINLVRD,HLA-DQA1*0401/DQB1*0402,II,5.405713022378051
15,FKIYSKHTPINLVRD,HLA-DQA1*0101/DQB1*0501,II,5.921873785404684
15,FKIYSKHTPINLVRD,HLA-DQA1*0102/DQB1*0602,II,5.798517536178485
15,FKIYSKHTPINLVRD,HLA-DPA1*0201/DPB1*0101,II,8.131046725829876
15,FKIYSKHTPINLVRD,HLA-DPA1*0103/DPB1*0201,II,8.007583698964812
15,FKIYSKHTPINLVRD,HLA-DPA1*0103/DPB1*0401,II,6.061481602616937
15,FKIYSKHTPINLVRD,HLA-DPA1*0301/DPB1*0402,II,8.078886396177259
15,FKIYSKHTPINLVRD,HLA-DPA1*0201/DPB1*0501,II,6.363460292865909
16,IDRLITGRLQSLQTY,HLA-DRB1*0101,II,9.0
16,IDRLITGRLQSLQTY,HLA-DRB1*0301,II,5.83978368
16,IDRLITGRLQSLQTY,HLA-DRB1*0401,II,6.616456953999999
16,IDRLITGRLQSLQTY,HLA-DRB1*0405,II,6.309034526348949
16,IDRLITGRLQSLQTY,HLA-DRB1*0701,II,5.809716169
16,IDRLITGRLQSLQTY,HLA-DRB1*0802,II,5.879079268544445
16,IDRLITGRLQSLQTY,HLA-DRB1*0901,II,6.186095218018233
16,IDRLITGRLQSLQTY,HLA-DRB1*1101,II,8.09828265
16,IDRLITGRLQSLQTY,HLA-DRB1*1302,II,6.0470432874433175
16,IDRLITGRLQSLQTY,HLA-DRB1*1501,II,6.938304339
16,IDRLITGRLQSLQTY,HLA-DRB3*0101,II,5.514014510040175
16,IDRLITGRLQSLQTY,HLA-DRB4*0101,II,6.195678534048301
16,IDRLITGRLQSLQTY,HLA-DRB5*0101,II,5.62328658
16,IDRLITGRLQSLQTY,HLA-DQA1*0501/DQB1*0201,II,5.280079832896619
16,IDRLITGRLQSLQTY,HLA-DQA1*0501/DQB1*0301,II,6.156033186624905
16,IDRLITGRLQSLQTY,HLA-DQA1*0301/DQB1*0302,II,5.293962232118505
16,IDRLITGRLQSLQTY,HLA-DQA1*0401/DQB1*0402,II,5.271246979811289
16,IDRLITGRLQSLQTY,HLA-DQA1*0101/DQB1*0501,II,5.057793958815542
16,IDRLITGRLQSLQTY,HLA-DQA1*0102/DQB1*0602,II,5.798517536178485
16,IDRLITGRLQSLQTY,HLA-DPA1*0201/DPB1*0101,II,5.712181016933649
16,IDRLITGRLQSLQTY,HLA-DPA1*0103/DPB1*0201,II,5.609745006880529
16,IDRLITGRLQSLQTY,HLA-DPA1*0103/DPB1*0401,II,5.255622830690643
16,IDRLITGRLQSLQTY,HLA-DPA1*0301/DPB1*0402,II,5.613491878764787
16,IDRLITGRLQSLQTY,HLA-DPA1*0201/DPB1*0501,II,5.3563776871661615
17,QQLIRAAEIRASANL,HLA-DRB1*0101,II,8.245900461
17,QQLIRAAEIRASANL,HLA-DRB1*0301,II,5.698873317389887
17,QQLIRAAEIRASANL,HLA-DRB1*0401,II,6.426678118269971
17,QQLIRAAEIRASANL,HLA-DRB1*0405,II,6.095053713278166
17,QQLIRAAEIRASANL,HLA-DRB1*0701,II,6.465451288966571
17,QQLIRAAEIRASANL,HLA-DRB1*0802,II,5.908946041053608
17,QQLIRAAEIRASANL,HLA-DRB1*0901,II,6.192501582797095
17,QQLIRAAEIRASANL,HLA-DRB1*1101,II,6.1014476263772375
17,QQLIRAAEIRASANL,HLA-DRB1*1302,II,6.140711888266344
17,QQLIRAAEIRASANL,HLA-DRB1*1501,II,6.2886810276342695
17,QQLIRAAEIRASANL,HLA-DRB3*0101,II,5.495970890273551
17,QQLIRAAEIRASANL,HLA-DRB4*0101,II,6.082142734492956
17,QQLIRAAEIRASANL,HLA-DRB5*0101,II,6.286642483020288
17,QQLIRAAEIRASANL,HLA-DQA1*0501/DQB1*0201,II,5.355671773267762
17,QQLIRAAEIRASANL,HLA-DQA1*0501/DQB1*0301,II,6.566899610305979
17,QQLIRAAEIRASANL,HLA-DQA1*0301/DQB1*0302,II,5.803009953297967
17,QQLIRAAEIRASANL,HLA-DQA1*0401/DQB1*0402,II,6.025383134837389
17,QQLIRAAEIRASANL,HLA-DQA1*0101/DQB1*0501,II,5.105498754923889
17,QQLIRAAEIRASANL,HLA-DQA1*0102/DQB1*0602,II,5.921155682420845
17,QQLIRAAEIRASANL,HLA-DPA1*0201/DPB1*0101,II,5.7034145463117945
17,QQLIRAAEIRASANL,HLA-DPA1*0103/DPB1*0201,II,5.609745006880529
17,QQLIRAAEIRASANL,HLA-DPA1*0103/DPB1*0401,II,5.263915049824423
17,QQLIRAAEIRASANL,HLA-DPA1*0301/DPB1*0402,II,5.574124711877196
17,QQLIRAAEIRASANL,HLA-DPA1*0201/DPB1*0501,II,5.355530410591522
18,TGRLQSLQTYVTQQL,HLA-DRB1*0101,II,9.0
18,TGRLQSLQTYVTQQL,HLA-DRB1*0301,II,5.1719577889999995
18,TGRLQSLQTYVTQQL,HLA-DRB1*0401,II,6.788899724
18,TGRLQSLQTYVTQQL,HLA-DRB1*0405,II,6.317869177414334
18,TGRLQSLQTYVTQQL,HLA-DRB1*0701,II,6.859450484
18,TGRLQSLQTYVTQQL,HLA-DRB1*0802,II,5.943263965204851
18,TGRLQSLQTYVTQQL,HLA-DRB1*0901,II,6.232631453036172
18,TGRLQSLQTYVTQQL,HLA-DRB1*1101,II,6.0976480770000006
18,TGRLQSLQTYVTQQL,HLA-DRB1*1302,II,6.054812806601615
18,TGRLQSLQTYVTQQL,HLA-DRB1*1501,II,7.8698717170000005
18,TGRLQSLQTYVTQQL,HLA-DRB3*0101,II,5.497759803273673
18,TGRLQSLQTYVTQQL,HLA-DRB4*0101,II,6.171409226530467
18,TGRLQSLQTYVTQQL,HLA-DRB5*0101,II,5.54013127
18,TGRLQSLQTYVTQQL,HLA-DQA1*0501/DQB1*0201,II,5.2641890502396596
18,TGRLQSLQTYVTQQL,HLA-DQA1*0501/DQB1*0301,II,6.1569155041494525
18,TGRLQSLQTYVTQQL,HLA-DQA1*0301/DQB1*0302,II,5.289975980297085
18,TGRLQSLQTYVTQQL,HLA-DQA1*0401/DQB1*0402,II,5.271246979811289
18,TGRLQSLQTYVTQQL,HLA-DQA1*0101/DQB1*0501,II,5.06463135122295
18,TGRLQSLQTYVTQQL,HLA-DQA1*0102/DQB1*0602,II,5.798517536178485
18,TGRLQSLQTYVTQQL,HLA-DPA1*0201/DPB1*0101,II,5.712181016933649
18,TGRLQSLQTYVTQQL,HLA-DPA1*0103/DPB1*0201,II,5.609745006880529
18,TGRLQSLQTYVTQQL,HLA-DPA1*0103/DPB1*0401,II,5.2594858742729755
18,TGRLQSLQTYVTQQL,HLA-DPA1*0301/DPB1*0402,II,5.613491878764787
18,TGRLQSLQTYVTQQL,HLA-DPA1*0201/DPB1*0501,II,5.3563776871661615
19,WRVYSTGSNVFQTRA,HLA-DRB1*0101,II,6.88144267146447
19,WRVYSTGSNVFQTRA,HLA-DRB1*0301,II,5.661892724152498
19,WRVYSTGSNVFQTRA,HLA-DRB1*0401,II,6.545809911827998
19,WRVYSTGSNVFQTRA,HLA-DRB1*0405,II,6.346806256025335
19,WRVYSTGSNVFQTRA,HLA-DRB1*0701,II,6.593212112858371
19,WRVYSTGSNVFQTRA,HLA-DRB1*0802,II,5.898099512846467
19,WRVYSTGSNVFQTRA,HLA-DRB1*0901,II,6.411538113690333
19,WRVYSTGSNVFQTRA,HLA-DRB1*1101,II,6.424429051393292
19,WRVYSTGSNVFQTRA,HLA-DRB1*1302,II,5.94436442161062
19,WRVYSTGSNVFQTRA,HLA-DRB1*1501,II,6.351860260284564
19,WRVYSTGSNVFQTRA,HLA-DRB3*0101,II,5.595371813868318
19,WRVYSTGSNVFQTRA,HLA-DRB4*0101,II,6.016699456494771
19,WRVYSTGSNVFQTRA,HLA-DRB5*0101,II,6.411248908909198
19,WRVYSTGSNVFQTRA,HLA-DQA1*0501/DQB1*0201,II,6.2651300712311775
19,WRVYSTGSNVFQTRA,HLA-DQA1*0501/DQB1*0301,II,6.117418579243329
19,WRVYSTGSNVFQTRA,HLA-DQA1*0301/DQB1*0302,II,5.556096609595686
19,WRVYSTGSNVFQTRA,HLA-DQA1*0401/DQB1*0402,II,5.405713022378051
19,WRVYSTGSNVFQTRA,HLA-DQA1*0101/DQB1*0501,II,6.10085923237799
19,WRVYSTGSNVFQTRA,HLA-DQA1*0102/DQB1*0602,II,5.798517536178485
19,WRVYSTGSNVFQTRA,HLA-DPA1*0201/DPB1*0101,II,8.042355392838726
19,WRVYSTGSNVFQTRA,HLA-DPA1*0103/DPB1*0201,II,8.007583698964812
19,WRVYSTGSNVFQTRA,HLA-DPA1*0103/DPB1*0401,II,6.017547937821863
19,WRVYSTGSNVFQTRA,HLA-DPA1*0301/DPB1*0402,II,8.05169349482494
19,WRVYSTGSNVFQTRA,HLA-DPA1*0201/DPB1*0501,II,6.403407210495245
20,YQPYRVVVLSFELLH,HLA-DRB1*0101,II,6.840363968991905
20,YQPYRVVVLSFELLH,HLA-DRB1*0301,II,5.656645217138018
20,YQPYRVVVLSFELLH,HLA-DRB1*0401,II,6.558298177343745
20,YQPYRVVVLSFELLH,HLA-DRB1*0405,II,6.363427581166918
20,YQPYRVVVLSFELLH,HLA-DRB1*0701,II,6.640286208809516
20,YQPYRVVVLSFELLH,HLA-DRB1*0802,II,5.864200185436148
20,YQPYRVVVLSFELLH,HLA-DRB1*0901,II,6.36873420695684
20,YQPYRVVVLSFELLH,HLA-DRB1*1101,II,6.442747153181005
20,YQPYRVVVLSFELLH,HLA-DRB1*1302,II,5.938586917925419
20,YQPYRVVVLSFELLH,HLA-DRB1*1501,II,6.351860260284564
20,YQPYRVVVLSFELLH,HLA-DRB3*0101,II,5.5723110742440545
20,YQPYRVVVLSFELLH,HLA-DRB4*0101,II,6.0574499086900975
20,YQPYRVVVLSFELLH,HLA-DRB5*0101,II,6.440076682943085
20,YQPYRVVVLSFELLH,HLA-DQA1*0501/DQB1*0201,II,6.189437886287961
20,YQPYRVVVLSFELLH,HLA-DQA1*0501/DQB1*0301,II,5.963190213760537
20,YQPYRVVVLSFELLH,HLA-DQA1*0301/DQB1*0302,II,5.5068383442999425
20,YQPYRVVVLSFELLH,HLA-DQA1*0401/DQB1*0402,II,5.393512486297279
20,YQPYRVVVLSFELLH,HLA-DQA1*0101/DQB1*0501,II,6.10085923237799
20,YQPYRVVVLSFELLH,HLA-DQA1*0102/DQB1*0602,II,5.798517536178485
20,YQPYRVVVLSFELLH,HLA-DPA1*0201/DPB1*0101,II,8.052364941441741
20,YQPYRVVVLSFELLH,HLA-DPA1*0103/DPB1*0201,II,8.038427130050927
20,YQPYRVVVLSFELLH,HLA-DPA1*0103/DPB1*0401,II,6.1420869626311845
20,YQPYRVVVLSFELLH,HLA-DPA1*0301/DPB1*0402,II,8.05169349482494
20,YQPYRVVVLSFELLH,HLA-DPA1*0201/DPB1*0501,II,6.382740170556481
